이름,생년월일,현재 나이,연령대,성별,휴대폰번호,이메일,주소,거주 지역,아이디,가입일,고객 세그먼트,차량구분,구매한 제품,연료구분,제품 구매 날짜,구매 시점,구매 당시 나이,거래 금액,거래 방식,제품 구매 빈도,제품 구매 경로,마지막 구매 이후 소요 기간
강주온,2002-03-04,23,20대,남,010-6502-8753,janisi@himedia.co.kr,인천광역시 남동구 구월동 88-10,인천광역시,14798,2023-04-01,일반,준중형 세단,Avante (CN7 N),휘발유,2024-04-04,2분기,22,35170000,신용카드,1,오프라인,350
김경수,1983-01-02,42,40대,남,010-1111-2222,kimkyoungsoo31@himedia.co.kr,광주광역시 서구 치평동 14-7,광주광역시,kyoungsoo031,2025-02-09,VIP,대형 세단,G80 (RG3),휘발유,2025-02-10,1분기,42,85790000,신용카드,5,오프라인,38
김다은,1999-05-02,26,20대,여,010-6789-0123,kimdaeun26@himedia.co.kr,부산광역시 해운대구 우동 101-12,부산광역시,daeun026,2025-02-28,신규,중형 SUV,NEXO (FE),수소,2025-03-10,1분기,26,69500000,계좌이체,1,오프라인,10
김민수,1960-07-01,65,60대,남,010-1234-5678,kimminsu1@himedia.co.kr,전라남도 목포시 부주동 77-8,전라남도 목포시,minsu001,2023-04-28,일반,중형 SUV,Santa-Fe ™,디젤,2023-05-01,2분기,63,34920000,현금,1,오프라인,689
김승현,1970-03-02,55,50대,남,010-0123-4567,kimseunghyun20@himedia.co.kr,경기도 수원시 영통구 원천동 12-34,경기도 수원시,seunghyun020,2023-09-18,일반,중형 세단,G70 (IK),휘발유,2023-10-01,4분기,53,50230000,신용카드,1,오프라인,536
김영철,1959-08-03,66,60대,남,010-6789-0123,kimyoungcheol6@himedia.co.kr,울산광역시 남구 달동 23-5,울산광역시,youngcheol006,2023-02-01,일반,중형 세단,G70 (IK),휘발유,2023-02-01,1분기,64,50230000,신용카드,1,오프라인,778
김윤희,1998-01-02,27,20대,여,010-2345-6789,leesujin2@himedia.co.kr,경기도 수원시 영통구 원천동 12-34,경기도 수원시,sujin002,2023-07-11,일반,준중형 해치백,IONIQ (AE EV),전기,2023-07-18,3분기,25,44400000,신용카드,1,온라인,611
김진수,1980-04-06,45,40대,남,010-6789-9876,kimjinsu35@himedia.co.kr,인천광역시 남동구 구월동 88-10,인천광역시,jinsu035,2023-01-01,일반,준중형 해치백,IONIQ (AE EV),전기,2023-01-03,1분기,43,44400000,신용카드,1,오프라인,807
박민정,1977-08-05,48,40대,여,010-8901-2345,parkminjeong8@himedia.co.kr,서울특별시 종로구 청운동 67-89,서울특별시,minjeong008,2024-04-01,일반,중형 세단,IONIQ 6 (CE),전기,2024-04-06,2분기,47,61820000,신용카드,1,오프라인,348
박수연,1990-11-24,35,30대,여,010-2345-5432,parksuyeon33@himedia.co.kr,경상남도 창원시 의창구 봉곡동 48-6,경상남도 창원시,suyeon033,2024-11-08,VIP,대형 세단,G90 (HI),휘발유,2024-12-03,4분기,34,99670000,계좌이체,5,오프라인,107
박영희,1988-05-07,37,30대,여,010-3456-7890,parkyeonghee3@himedia.co.kr,전라북도 전주시 완산구 덕진동 33-7,전라북도 전주시,yeonghee003,2023-06-07,VIP,중형 SUV,Santa-Fe (MX5 PHEV),플러그인 하이브리드,2023-07-07,3분기,35,45980000,현금,2,오프라인,622
박준석,1997-08-05,28,20대,남,010-8901-2345,parkjoonseok28@himedia.co.kr,충청북도 청주시 상당구 낙실동 9-1,충청북도 청주시,joonseok028,2024-12-12,신규,준중형 세단,Avante (CN7 N),휘발유,2025-01-02,1분기,28,35170000,계좌이체,1,오프라인,77
박지수,1996-01-02,29,20대,여,010-2345-6789,parkjisu22@himedia.co.kr,광주광역시 서구 치평동 14-7,광주광역시,jisu022,2024-01-13,VIP,중형 SUV,Santa-Fe ™,디젤,2024-02-03,1분기,28,34920000,계좌이체,2,오프라인,411
박찬우,1980-02-04,45,40대,남,010-8901-2345,parkchanwoo37@himedia.co.kr,경기도 성남시 분당구 정자동 56-78,경기도 성남시,chanwoo037,2023-06-28,VIP,준중형 세단,Avante (CN7 N),휘발유,2023-08-07,3분기,43,35170000,신용카드,3,오프라인,591
이동훈,1985-01-07,40,40대,남,010-5678-9012,leedonghoon15@himedia.co.kr,울산광역시 남구 달동 23-5,울산광역시,donghoon015,2024-04-18,일반,준대형 세단,Grandeur (GN7 HEV),하이브리드,2024-05-06,2분기,39,52410000,신용카드,1,오프라인,318
이상미,1966-07-01,59,50대,여,010-2345-6789,leesangmi41@himedia.co.kr,경상남도 창원시 의창구 봉곡동 48-6,경상남도 창원시,sangmi041,2024-09-18,신규,중형 SUV,Santa-Fe ™,디젤,2024-10-03,4분기,58,34920000,신용카드,1,오프라인,168
이상훈,1974-01-02,51,50대,남,010-4567-8901,leesanghoon24@himedia.co.kr,서울특별시 종로구 청운동 67-89,서울특별시,sanghoon024,2024-01-13,일반,준중형 SUV,Tucson (NX4 PHEV),플러그인 하이브리드,2024-02-27,1분기,50,39500000,신용카드,1,오프라인,387
이상희,1972-06-01,53,50대,남,010-2345-6789,leeshanghee12@himedia.co.kr,경상북도 포항시 남구 대도동 19-2,경상북도 포항시,shanghee012,2023-04-28,일반,준대형 세단,Grandeur (GN7 HEV),하이브리드,2023-05-07,2분기,51,52410000,신용카드,1,오프라인,683
이은지,1988-03-06,37,30대,남,010-7890-1234,leeunji27@himedia.co.kr,부산광역시 해운대구 우동 101-12,부산광역시,unji027,2024-08-11,일반,준대형 세단,Grandeur (GN7 HEV),하이브리드,2024-08-15,3분기,36,52410000,신용카드,1,오프라인,217
이정민,1984-05-06,41,40대,남,010-9012-3456,leejeongmin19@himedia.co.kr,경기도 성남시 분당구 정자동 56-78,경기도 성남시,jeongmin019,2024-01-07,일반,중형 세단,G70 (IK),휘발유,2024-01-15,1분기,40,50230000,신용카드,1,오프라인,430
이주호,1987-02-03,38,30대,남,010-1234-4321,leejooho32@himedia.co.kr,서울특별시 종로구 청운동 67-89,서울특별시,jooho032,2024-10-19,VIP,프리미엄 세단,G90 (RS4),휘발유,2024-12-16,4분기,37,134370000,신용카드,5,오프라인,94
이하늘,1989-04-03,36,30대,남,010-7890-1234,leehaneul36@himedia.co.kr,광주광역시 서구 치평동 14-7,광주광역시,haneul036,2024-09-22,VIP,중형 SUV,Santa-Fe ™,디젤,2024-09-25,3분기,35,34920000,신용카드,3,오프라인,176
이현주,1972-05-02,53,50대,여,010-7890-4754,leeheonjoo7@himedia.co.kr,전라북도 전주시 완산구 덕진동 33-7,전라북도 전주시,heonjoo007,2025-01-01,VIP,준중형 해치백,IONIQ (AE EV),전기,2025-01-11,1분기,53,44400000,신용카드,2,오프라인,68
정미래,1971-06-04,54,50대,여,010-9012-3456,jeongmirae29@himedia.co.kr,경기도 성남시 분당구 정자동 56-78,경기도 성남시,mirae029,2024-02-28,VIP,준대형 세단,Grandeur (GN7 HEV),하이브리드,2024-04-22,2분기,53,52410000,신용카드,2,오프라인,332
정미선,1975-02-04,50,50대,남,010-8901-2345,jeongmiseon18@himedia.co.kr,충청북도 청주시 상당구 낙실동 9-1,충청북도 청주시,miseon018,2023-06-04,일반,준중형 SUV,Tucson (NX4 PHEV),플러그인 하이브리드,2023-07-08,3분기,48,39500000,신용카드,1,오프라인,621
정상훈,1996-05-02,29,20대,남,010-9012-3456,jeongsanghoon38@himedia.co.kr,경상북도 포항시 남구 대도동 19-2,경상북도 포항시,sanghoon038,2023-08-17,일반,준대형 세단,Grandeur (GN7 HEV),하이브리드,2023-08-19,3분기,27,52410000,신용카드,1,오프라인,579
정영철,1985-04-02,40,40대,남,010-5678-9012,jeongyoungcheol25@himedia.co.kr,서울특별시 강남구 역삼동 123-45,서울특별시,youngcheol025,2024-04-08,일반,준대형 SUV,Palisade (LX2),디젤,2024-05-16,2분기,39,59460000,신용카드,1,오프라인,308
정은혜,2001-04-06,24,20대,여,010-5678-8765,jeongeunhye100@himedia.co.kr,서울특별시 종로구 청운동 67-89,서울특별시,eunhye100,2024-08-13,일반,준중형 세단,Avante (CN7 N),휘발유,2024-09-11,3분기,23,35170000,신용카드,1,오프라인,190
정지우,1983-02-04,42,40대,남,010-4567-8901,jeongjiwoo14@himedia.co.kr,경기도 수원시 영통구 원천동 12-34,경기도 수원시,jiwoo014,2024-07-20,일반,준중형 해치백,i30 (PD),휘발유,2024-07-28,3분기,41,25560000,신용카드,1,오프라인,235
정태수,1962-05-06,63,60대,남,010-0123-4567,jeongtaesu10@himedia.co.kr,서울특별시 종로구 청운동 67-89,서울특별시,taesu010,2024-11-18,신규,준대형 세단,Grandeur (GN7 HEV),하이브리드,2024-12-25,4분기,62,52410000,신용카드,1,오프라인,85
정하윤,1999-07-07,26,20대,여,010-5678-9012,jeonghayun5@himedia.co.kr,충청남도 천안시 동남구 성성동 22-3,충청남도 천안시,hayun005,2024-11-11,VIP,준중형 해치백,i30 (PD),휘발유,2024-11-18,4분기,25,25560000,신용카드,2,오프라인,122
최강호,1992-04-05,33,30대,남,010-7890-1234,choikangho17@himedia.co.kr,울산광역시 남구 달동 23-5,울산광역시,kangho017,2024-01-10,일반,준중형 해치백,IONIQ (AE EV),전기,2024-01-16,1분기,32,44400000,신용카드,1,온라인,429
최민우,1977-05-02,48,40대,남,010-3456-7890,choiminwoo13@himedia.co.kr,경기도 성남시 분당구 정자동 56-78,경기도 성남시,minwoo013,2024-05-11,일반,준대형 SUV,Palisade (LX2),디젤,2024-06-28,2분기,47,59460000,신용카드,1,오프라인,265
최영호,1966-03-02,59,50대,남,010-3456-7890,choiyeongho23@himedia.co.kr,경기도 성남시 분당구 정자동 56-78,경기도 성남시,yeongho023,2025-01-01,신규,준중형 세단,Avante (CN7 N),휘발유,2025-01-11,1분기,59,35170000,신용카드,1,오프라인,68
최지훈,1978-09-05,47,40대,남,010-4567-8901,choijihun4@himedia.co.kr,충청남도 천안시 동남구 성성동 22-3,충청남도 천안시,jihun004,2023-03-28,일반,준중형 해치백,i30 (PD),휘발유,2023-04-25,2분기,45,25560000,신용카드,1,오프라인,695
한서희,1975-03-05,50,50대,여,010-1234-5678,kimhana11@himedia.co.kr,서울특별시 종로구 청운동 67-89,서울특별시,hana011,2024-05-18,일반,준중형 해치백,IONIQ (AE EV),전기,2024-06-02,2분기,49,44400000,신용카드,1,오프라인,291
한예빈,1997-08-01,28,20대,여,010-6789-0123,parksoyeong16@himedia.co.kr,충청북도 청주시 상당구 낙실동 9-1,충청북도 청주시,soyeong016,2024-06-28,일반,중형 SUV,Santa-Fe ™,디젤,2024-07-08,3분기,27,34920000,신용카드,1,오프라인,255
홍상훈,1994-12-01,31,30대,남,010-0123-4567,hongsanghoon30@himedia.co.kr,부산광역시 해운대구 우동 101-12,부산광역시,sanghoon030,2024-02-03,일반,준중형 해치백,i30 (PD),휘발유,2024-02-22,1분기,30,25560000,신용카드,1,오프라인,392
홍성우,1999-06-02,26,20대,남,010-1234-5678,honggildong21@himedia.co.kr,울산광역시 남구 달동 23-5,울산광역시,gildong021,2023-08-18,VIP,준대형 SUV,Palisade (LX2),디젤,2023-09-30,3분기,24,59460000,신용카드,2,온라인,537
홍수진,1970-03-09,55,50대,남,010-0123-4567,hongsujin39@himedia.co.kr,인천광역시 남동구 구월동 88-10,인천광역시,sujin039,2023-03-03,일반,준대형 세단,Grandeur (GN7 HEV),하이브리드,2023-03-03,1분기,53,52410000,신용카드,1,오프라인,748
홍지민,1980-11-10,45,40대,남,010-9012-3456,hongjimin9@himedia.co.kr,경상북도 포항시 남구 대도동 19-2,경상북도 포항시,jimin009,2024-07-07,일반,준대형 세단,Grandeur (GN7 HEV),하이브리드,2024-07-08,3분기,44,52410000,신용카드,1,온라인,255
김하윤,1960-03-12,65,60대,남,054-555-6645,sunoggim@cagim.kr,부산광역시 해운대구 우동 101-12,부산광역시,seonyeongmun,2024-09-26,VIP,준중형 세단,Avante (CN7 N),휘발유,2023-05-04,2분기,63,82080000,신용카드,2,오프라인,686
이지원,1959-11-17,66,60대,여,032-566-6729,lju@nate.com,경기도 수원시 영통구 원천동 12-34,경기도 수원시,gimgyeongja,2022-03-22,일반,중형 SUV,Santa-Fe ™,디젤,2024-07-04,3분기,65,72110000,신용카드,1,온라인,259
박미영,1980-11-09,45,40대,남,041-065-8495,eungyeonggim@hanmail.net,충청남도 천안시 동남구 성성동 22-3,충청남도 천안시,gyun,2024-05-09,일반,대형 세단,G80 (RG3),휘발유,2024-01-07,1분기,44,38660000,신용카드,1,온라인,438
이정수,1996-12-13,29,20대,남,052-162-4161,rcoe@daum.net,울산광역시 남구 달동 23-5,울산광역시,namsumin,2023-05-25,VIP,중형 SUV,Santa-Fe ™,디젤,2024-07-04,3분기,28,37700000,현금,5,온라인,259
최현지,1994-06-26,31,30대,남,070-0392-0424,yeweon24@ju.kr,대구광역시 수성구 범어동 55-3,대구광역시,jihungim,2022-07-22,일반,준중형 세단,Avante (CN7 N),휘발유,2023-05-22,2분기,29,79860000,신용카드,1,오프라인,668
김도현,1987-01-09,38,30대,남,032-127-1765,jeongsig00@jusighoesa.com,경상북도 포항시 남구 대도동 19-2,경상북도 포항시,sumin33,2024-09-27,VIP,중형 SUV,NEXO (FE),수소,2023-06-17,2분기,36,49930000,계좌이체,4,오프라인,642
송성민,1976-01-24,49,40대,여,041-012-7092,gangeunji@yuhanhoesa.net,경기도 성남시 분당구 정자동 56-78,경기도 성남시,bagogsun,2022-11-05,VIP,중형 SUV,NEXO (FE),수소,2023-08-27,3분기,47,54910000,현금,4,온라인,571
김민지,1998-01-27,27,20대,남,041-688-2563,ki@live.com,경상북도 포항시 남구 대도동 19-2,경상북도 포항시,jia18,2024-09-22,VIP,준중형 세단,Avante (CN7 N),휘발유,2023-09-19,3분기,25,53760000,현금,2,오프라인,548
이성현,1974-04-23,51,50대,남,054-902-5788,minjunhan@jusighoesa.com,울산광역시 남구 달동 23-5,울산광역시,lgang,2023-02-04,일반,중형 세단,G70 (IK),휘발유,2023-05-22,2분기,49,57450000,계좌이체,1,온라인,668
박주원,1956-02-25,69,60대,남,02-1448-5380,ugim@munio.net,인천광역시 남동구 구월동 88-10,인천광역시,coehyeonji,2023-12-19,VIP,중형 SUV,Santa-Fe ™,디젤,2024-11-28,4분기,68,75020000,현금,5,오프라인,112
김민석,1980-04-09,45,40대,여,031-673-1720,lgim@yuhanhoesa.net,경기도 수원시 영통구 원천동 12-34,경기도 수원시,hongjiweon,2023-02-20,VIP,중형 SUV,Santa-Fe ™,디젤,2024-06-03,2분기,44,68050000,계좌이체,2,오프라인,290
조영순,1980-12-19,45,40대,여,032-871-9659,jaeho07@yu.com,울산광역시 남구 달동 23-5,울산광역시,jihyeon92,2023-02-22,VIP,중형 SUV,Santa-Fe ™,디젤,2025-02-13,1분기,45,89190000,계좌이체,2,오프라인,35
김옥자,1967-03-24,58,50대,여,010-0631-9882,jeongsu99@yuhanhoesa.com,대전광역시 유성구 봉명동 44-2,대전광역시,yunseosong,2022-12-03,일반,준중형 세단,Avante (CN7 N),휘발유,2023-04-05,2분기,56,88480000,신용카드,1,온라인,715
정지영,1977-11-10,48,40대,여,055-306-7917,gyeonghyi68@isongseo.kr,전라북도 전주시 완산구 덕진동 33-7,전라북도 전주시,ni,2024-12-16,VIP,중형 SUV,NEXO (FE),수소,2024-04-17,2분기,47,65090000,계좌이체,2,온라인,337
최성호,1962-07-02,63,60대,남,044-677-0796,seojuncoe@oyun.com,대구광역시 수성구 범어동 55-3,대구광역시,junyeongcoe,2022-12-19,VIP,중형 SUV,Santa-Fe ™,디젤,2025-02-13,1분기,63,76580000,신용카드,5,온라인,35
서은정,2005-03-04,20,20대,여,032-170-6440,ugim@daum.net,서울특별시 종로구 청운동 67-89,서울특별시,seoyeon90,2024-07-07,VIP,중형 세단,G70 (IK),휘발유,2024-08-31,3분기,19,57120000,계좌이체,5,온라인,201
구도현,1985-06-07,40,40대,남,054-487-5794,sanghyeon16@ju.com,대전광역시 유성구 봉명동 44-2,대전광역시,jihyeon11,2024-08-28,VIP,대형 세단,G80 (RG3),휘발유,2023-12-11,4분기,38,60270000,현금,2,온라인,465
안민수,1965-07-21,60,60대,남,064-759-4881,yeonghyi48@yu.kr,충청남도 천안시 동남구 성성동 22-3,충청남도 천안시,pi,2024-08-24,일반,중형 SUV,NEXO (FE),수소,2023-06-07,2분기,58,43120000,현금,1,오프라인,652
남예진,1972-09-24,53,50대,남,042-496-3606,sanghun79@hanmail.net,대구광역시 수성구 범어동 55-3,대구광역시,whan,2024-08-14,일반,준중형 세단,Avante (CN7 N),휘발유,2024-04-16,2분기,52,77400000,현금,1,오프라인,338
엄재현,1999-03-22,26,20대,남,052-154-1236,gangjunhyeog@gmail.com,충청남도 천안시 동남구 성성동 22-3,충청남도 천안시,jidonghyeon,2024-02-04,일반,중형 SUV,NEXO (FE),수소,2024-02-11,1분기,25,67120000,현금,1,온라인,403
서미정,1961-05-05,64,60대,여,041-966-9178,jeongsug39@bagjang.net,대구광역시 수성구 범어동 55-3,대구광역시,seunghyeongim,2023-07-28,VIP,중형 세단,G70 (IK),휘발유,2023-04-15,2분기,62,50710000,계좌이체,3,오프라인,705
김상훈,1954-03-13,71,70대,남,063-532-6061,ogsunmun@nate.com,충청남도 천안시 동남구 성성동 22-3,충청남도 천안시,lgim,2024-11-04,VIP,중형 세단,G70 (IK),휘발유,2024-12-19,4분기,70,87880000,계좌이체,4,오프라인,91
김정수,2002-09-24,23,20대,여,041-960-0393,rbag@yuhanhoesa.com,전라북도 전주시 완산구 덕진동 33-7,전라북도 전주시,minjaegim,2025-01-08,VIP,준중형 세단,Avante (CN7 N),휘발유,2024-06-26,2분기,22,79830000,현금,4,오프라인,267
김미경,1984-07-29,41,40대,남,033-638-1854,jugwangsu@jusighoesa.net,경기도 수원시 영통구 원천동 12-34,경기도 수원시,seohyeon32,2023-07-07,VIP,중형 세단,G70 (IK),휘발유,2023-05-15,2분기,39,79370000,신용카드,2,오프라인,675
김은영,1978-02-13,47,40대,여,053-885-4603,egang@icoe.com,충청북도 청주시 상당구 낙실동 9-1,충청북도 청주시,sangceolcoe,2023-06-22,VIP,대형 세단,G80 (RG3),휘발유,2023-12-09,4분기,45,40770000,현금,3,온라인,467
진아름,2001-04-12,24,20대,여,011-666-3726,bgang@yuhanhoesa.kr,부산광역시 해운대구 우동 101-12,부산광역시,ai,2023-10-27,VIP,중형 세단,G70 (IK),휘발유,2024-10-12,4분기,23,60710000,계좌이체,4,오프라인,159
손병철,1975-06-29,50,50대,남,054-059-8995,ogim@yu.com,서울특별시 종로구 청운동 67-89,서울특별시,seonghun39,2025-01-25,VIP,중형 SUV,NEXO (FE),수소,2024-09-02,3분기,49,37420000,계좌이체,2,온라인,199
윤경희,1973-09-17,52,50대,남,062-112-1913,hyeonugim@yuhanhoesa.com,경상남도 창원시 의창구 봉곡동 48-6,경상남도 창원시,yejungang,2022-12-11,VIP,중형 세단,G70 (IK),휘발유,2023-07-20,3분기,50,71520000,현금,5,오프라인,609
이정자,2004-03-16,21,20대,여,010-2415-1251,hgim@daum.net,충청남도 천안시 동남구 성성동 22-3,충청남도 천안시,myeongsug84,2024-02-01,VIP,준중형 세단,Avante (CN7 N),휘발유,2023-08-26,3분기,19,34130000,계좌이체,5,온라인,572
김현준,1957-10-24,68,60대,남,011-345-1098,rgim@dreamwiz.com,대구광역시 수성구 범어동 55-3,대구광역시,jihye30,2022-05-10,VIP,중형 SUV,Santa-Fe ™,디젤,2023-09-16,3분기,66,76700000,계좌이체,4,오프라인,551
최채원,1958-05-01,67,60대,남,053-541-6149,caeweon12@live.com,경상북도 포항시 남구 대도동 19-2,경상북도 포항시,jhan,2024-01-03,VIP,대형 세단,G80 (RG3),휘발유,2024-06-07,2분기,66,57710000,신용카드,3,오프라인,286
최정호,1987-04-06,38,30대,남,053-194-7742,ei@yu.com,부산광역시 해운대구 우동 101-12,부산광역시,jeonghoi,2024-09-28,VIP,중형 SUV,Santa-Fe ™,디젤,2023-09-30,3분기,36,89020000,현금,3,오프라인,537
김지훈,1975-08-30,50,50대,남,064-784-0790,ieunjeong@yu.com,전라북도 전주시 완산구 덕진동 33-7,전라북도 전주시,mjo,2022-11-16,일반,중형 SUV,Santa-Fe ™,디젤,2023-03-18,1분기,48,89450000,현금,1,온라인,733
장정식,1985-04-07,40,40대,남,018-721-5422,gimjunhyeog@live.com,경기도 수원시 영통구 원천동 12-34,경기도 수원시,hyeonsug93,2022-12-06,VIP,준중형 세단,Avante (CN7 N),휘발유,2023-07-07,3분기,38,66280000,신용카드,5,온라인,622
심성호,1970-01-26,55,50대,여,043-888-0413,pgim@igim.kr,대전광역시 유성구 봉명동 44-2,대전광역시,yujin12,2022-03-27,VIP,중형 SUV,NEXO (FE),수소,2023-12-19,4분기,53,33070000,신용카드,3,오프라인,457
안경수,1977-01-22,48,40대,남,042-672-7261,seonghyeongim@gmail.com,대구광역시 수성구 범어동 55-3,대구광역시,jeonghyibag,2022-10-10,VIP,중형 SUV,NEXO (FE),수소,2024-01-08,1분기,47,49550000,현금,2,온라인,437
황민재,1963-02-13,62,60대,남,052-048-5499,jgim@nate.com,전라남도 목포시 부주동 77-8,전라남도 목포시,yeongsuni,2022-11-16,VIP,준중형 세단,Avante (CN7 N),휘발유,2024-08-07,3분기,61,36020000,신용카드,3,오프라인,225
김혜진,1997-04-15,28,20대,남,044-287-6402,sonmijeong@yu.kr,서울특별시 종로구 청운동 67-89,서울특별시,eunji78,2023-11-17,신규,대형 세단,G80 (RG3),휘발유,2025-01-03,1분기,28,64440000,신용카드,1,오프라인,76
김서준,1954-06-08,71,70대,남,055-795-0081,mundonghyeon@gimseongi.kr,경상남도 창원시 의창구 봉곡동 48-6,경상남도 창원시,seungminjang,2022-10-27,VIP,대형 세단,G80 (RG3),휘발유,2024-09-18,3분기,70,43750000,신용카드,2,온라인,183
강서영,1994-01-04,31,30대,여,044-329-6982,songyeongja@dreamwiz.com,서울특별시 종로구 청운동 67-89,서울특별시,caeweon92,2024-07-06,VIP,중형 SUV,NEXO (FE),수소,2024-04-04,2분기,30,79430000,계좌이체,2,오프라인,350
김지원,1958-06-02,67,60대,남,018-428-7425,minjun91@live.com,광주광역시 서구 치평동 14-7,광주광역시,qcoe,2023-10-09,VIP,중형 세단,G70 (IK),휘발유,2023-10-12,4분기,65,47210000,계좌이체,5,온라인,525
구영자,1972-06-26,53,50대,여,051-551-0008,lhan@hanmail.net,서울특별시 강남구 역삼동 123-45,서울특별시,jeongho77,2022-12-10,VIP,중형 SUV,Santa-Fe ™,디젤,2023-11-29,4분기,51,85590000,신용카드,5,온라인,477
장숙자,1977-04-04,48,40대,여,016-846-1892,sanghyeon29@hanmail.net,울산광역시 남구 달동 23-5,울산광역시,jieuncoe,2024-03-22,VIP,중형 세단,G70 (IK),휘발유,2024-09-20,3분기,47,71210000,신용카드,2,온라인,181
최순자,1976-06-08,49,40대,남,064-717-6890,seunghyeon10@janggim.com,광주광역시 서구 치평동 14-7,광주광역시,ryuseonghyeon,2022-06-04,VIP,대형 세단,G80 (RG3),휘발유,2025-02-08,1분기,49,89790000,계좌이체,2,오프라인,40
류정숙,1985-12-18,40,40대,여,055-654-3324,anjunho@yu.kr,부산광역시 해운대구 우동 101-12,부산광역시,dohyeonhwang,2023-01-10,VIP,대형 세단,G80 (RG3),휘발유,2024-11-03,4분기,39,83120000,신용카드,2,오프라인,137
김영진,1982-09-08,43,40대,남,031-093-8682,ogjacoe@dreamwiz.com,충청북도 청주시 상당구 낙실동 9-1,충청북도 청주시,jungsu25,2025-02-18,VIP,대형 세단,G80 (RG3),휘발유,2024-11-28,4분기,42,81900000,현금,5,온라인,112
박옥자,1997-09-02,28,20대,남,016-697-3319,ryujihyeon@coei.org,광주광역시 서구 치평동 14-7,광주광역시,donghyeonhwang,2025-02-17,VIP,중형 SUV,Santa-Fe ™,디젤,2023-07-13,3분기,26,62020000,신용카드,4,온라인,616
윤경숙,1997-06-02,28,20대,여,070-9968-9396,geonu77@jusighoesa.com,광주광역시 서구 치평동 14-7,광주광역시,kgim,2024-03-03,VIP,대형 세단,G80 (RG3),휘발유,2023-07-07,3분기,26,79780000,신용카드,4,오프라인,622
김지영,1971-03-05,54,50대,남,070-5521-1003,seojeonghun@igimyang.net,울산광역시 남구 달동 23-5,울산광역시,anyeonggil,2024-03-21,VIP,중형 SUV,NEXO (FE),수소,2025-02-21,1분기,54,79430000,계좌이체,3,오프라인,27
이상현,1956-02-23,69,60대,여,043-363-4302,gimminjun@nate.com,서울특별시 종로구 청운동 67-89,서울특별시,haeun00,2023-02-25,VIP,중형 SUV,Santa-Fe ™,디젤,2025-02-23,1분기,69,30270000,현금,3,오프라인,25
김하은,1986-02-12,39,30대,남,031-783-9984,anjeongnam@nate.com,부산광역시 해운대구 우동 101-12,부산광역시,yeongjagim,2023-09-17,VIP,준중형 세단,Avante (CN7 N),휘발유,2024-08-14,3분기,38,32780000,계좌이체,5,오프라인,218
류건우,1963-11-23,62,60대,여,051-143-0807,donghyeon65@dreamwiz.com,충청북도 청주시 상당구 낙실동 9-1,충청북도 청주시,haeun06,2022-09-06,VIP,중형 SUV,Santa-Fe ™,디젤,2023-12-27,4분기,60,49320000,신용카드,2,오프라인,449
손지영,2000-03-31,25,20대,남,031-694-4782,baegyeongsu@dreamwiz.com,인천광역시 남동구 구월동 88-10,인천광역시,yangyeongja,2022-04-15,VIP,대형 세단,G80 (RG3),휘발유,2024-11-05,4분기,24,76660000,신용카드,4,온라인,135
김경희,1983-12-18,42,40대,남,061-628-9942,jiyeonggim@nate.com,경기도 성남시 분당구 정자동 56-78,경기도 성남시,xbag,2024-12-02,VIP,중형 세단,G70 (IK),휘발유,2024-07-01,3분기,41,85860000,계좌이체,2,오프라인,262
김유진,1988-04-18,37,30대,남,063-444-8995,sugjagim@igimmun.kr,인천광역시 남동구 구월동 88-10,인천광역시,jihyeonbag,2023-08-18,VIP,준중형 세단,Avante (CN7 N),휘발유,2024-01-23,1분기,36,88130000,신용카드,5,오프라인,422
장현정,1975-03-27,50,50대,여,055-283-5058,iseonghyeon@yu.kr,경기도 수원시 영통구 원천동 12-34,경기도 수원시,jungsuyun,2022-11-02,VIP,중형 SUV,Santa-Fe ™,디젤,2023-10-01,4분기,48,79770000,신용카드,2,온라인,536
서정순,1984-05-24,41,40대,남,064-716-4155,dgweon@yuhanhoesa.com,광주광역시 서구 치평동 14-7,광주광역시,ygim,2023-09-15,신규,대형 세단,G80 (RG3),휘발유,2025-02-05,1분기,41,74040000,현금,1,온라인,43
차상호,1999-11-25,26,20대,남,052-638-2768,jaehogim@hotmail.com,경상북도 포항시 남구 대도동 19-2,경상북도 포항시,pgim,2022-11-08,VIP,중형 SUV,Santa-Fe ™,디젤,2024-11-04,4분기,25,54940000,신용카드,2,오프라인,136
안주원,1987-11-12,38,30대,여,043-665-7829,seungminjang@hotmail.com,충청남도 천안시 동남구 성성동 22-3,충청남도 천안시,sonyeongceol,2022-10-12,VIP,중형 SUV,NEXO (FE),수소,2024-01-16,1분기,37,72840000,계좌이체,2,온라인,429
이현숙,1977-06-26,48,40대,남,010-9540-2153,jgim@yuhanhoesa.kr,광주광역시 서구 치평동 14-7,광주광역시,anjeonghun,2022-03-25,일반,대형 세단,G80 (RG3),휘발유,2023-06-18,2분기,46,57850000,현금,1,온라인,641
윤예원,1987-05-31,38,30대,남,052-148-8058,eunyeong01@yu.org,울산광역시 남구 달동 23-5,울산광역시,eunyeong65,2023-10-23,VIP,중형 SUV,NEXO (FE),수소,2023-08-16,3분기,36,57310000,신용카드,2,오프라인,582
이영진,1981-08-17,44,40대,남,054-053-6661,ihyeonsug@daum.net,대구광역시 수성구 범어동 55-3,대구광역시,bi,2023-08-17,VIP,준중형 세단,Avante (CN7 N),휘발유,2024-11-30,4분기,43,45700000,현금,4,온라인,110
김정훈,1991-07-10,34,30대,남,044-714-4098,gyeonghyi99@yuo.com,경상남도 창원시 의창구 봉곡동 48-6,경상남도 창원시,ijeongsu,2022-05-13,VIP,중형 SUV,Santa-Fe ™,디젤,2024-12-05,4분기,33,41850000,신용카드,2,온라인,105
김은주,1994-04-30,31,30대,여,042-804-5898,yeongsucoe@yu.org,대전광역시 유성구 봉명동 44-2,대전광역시,gimjeonghun,2023-10-31,신규,중형 세단,G70 (IK),휘발유,2024-11-18,4분기,30,87840000,계좌이체,1,오프라인,122
곽건우,1980-02-20,45,40대,남,019-873-3751,gimdoyun@gimgo.org,부산광역시 해운대구 우동 101-12,부산광역시,sugjagim,2023-10-19,VIP,준중형 세단,Avante (CN7 N),휘발유,2024-08-31,3분기,44,84100000,계좌이체,3,오프라인,201
이순자,1989-05-27,36,30대,여,042-425-7384,juweoncoe@hotmail.com,경상북도 포항시 남구 대도동 19-2,경상북도 포항시,yeji21,2023-07-27,VIP,중형 SUV,NEXO (FE),수소,2023-04-27,2분기,34,82050000,신용카드,5,온라인,693
안민재,1969-11-21,56,50대,여,063-424-5125,sgim@hanmail.net,경기도 수원시 영통구 원천동 12-34,경기도 수원시,seohyeon66,2022-06-05,VIP,중형 세단,G70 (IK),휘발유,2023-08-19,3분기,54,60860000,신용카드,5,온라인,579
김지현,1966-09-01,59,50대,여,016-549-4266,vgang@gangbag.com,대전광역시 유성구 봉명동 44-2,대전광역시,cgweon,2023-07-01,VIP,중형 SUV,Santa-Fe ™,디젤,2023-05-29,2분기,57,71220000,현금,4,온라인,661
최현준,1966-11-27,59,50대,남,044-230-1731,yi@gimgim.org,대구광역시 수성구 범어동 55-3,대구광역시,gimsanghyeon,2024-09-02,VIP,중형 세단,G70 (IK),휘발유,2024-03-21,1분기,58,33690000,계좌이체,4,오프라인,364
권동현,1981-02-16,44,40대,여,063-626-9842,hi@hwanggim.kr,울산광역시 남구 달동 23-5,울산광역시,jiagim,2024-03-09,VIP,중형 SUV,NEXO (FE),수소,2025-01-31,1분기,44,37190000,계좌이체,4,온라인,48
심정희,1996-12-16,29,20대,남,041-847-2351,gimmiyeong@live.com,인천광역시 남동구 구월동 88-10,인천광역시,junseou,2022-09-10,VIP,중형 세단,G70 (IK),휘발유,2024-12-06,4분기,28,36260000,계좌이체,5,온라인,104
김순옥,1999-04-19,26,20대,여,018-072-6912,qi@jusighoesa.com,서울특별시 강남구 역삼동 123-45,서울특별시,jongsu53,2024-10-22,VIP,중형 SUV,Santa-Fe ™,디젤,2023-04-22,2분기,24,55710000,신용카드,2,오프라인,698
이영순,1980-03-19,45,40대,여,018-988-8211,seoyeon50@yu.com,대전광역시 유성구 봉명동 44-2,대전광역시,hyeonju64,2023-03-28,일반,중형 세단,G70 (IK),휘발유,2023-04-22,2분기,43,59060000,계좌이체,1,온라인,698
우미영,1975-12-16,50,50대,여,018-545-3522,ei@jusighoesa.kr,울산광역시 남구 달동 23-5,울산광역시,sangceolhan,2023-10-09,VIP,중형 세단,G70 (IK),휘발유,2024-12-11,4분기,49,37480000,현금,5,온라인,99
김정식,1974-12-16,51,50대,여,051-779-1002,bi@sonjin.net,부산광역시 해운대구 우동 101-12,부산광역시,hyejin16,2023-10-20,VIP,중형 SUV,NEXO (FE),수소,2023-09-28,3분기,49,39150000,신용카드,4,온라인,539
이시우,2000-09-21,25,20대,남,061-364-6763,ibaeg@jusighoesa.kr,경상남도 창원시 의창구 봉곡동 48-6,경상남도 창원시,songjeongja,2023-11-15,일반,준중형 세단,Avante (CN7 N),휘발유,2023-12-04,4분기,23,77130000,현금,1,오프라인,472
이서영,1964-02-21,61,60대,남,02-2998-7447,jeongho43@live.com,울산광역시 남구 달동 23-5,울산광역시,mijeong80,2023-08-28,VIP,중형 SUV,Santa-Fe ™,디젤,2024-08-09,3분기,60,56480000,현금,5,오프라인,223
김준서,1956-12-27,69,60대,여,053-054-4830,hwangjeongsu@live.com,경기도 수원시 영통구 원천동 12-34,경기도 수원시,yeonghyi20,2023-04-21,VIP,중형 SUV,Santa-Fe ™,디젤,2024-07-02,3분기,68,80170000,현금,4,온라인,261
김현준,1966-12-07,59,50대,남,031-524-7998,aan@naver.com,서울특별시 강남구 역삼동 123-45,서울특별시,miyeongbag,2023-10-09,일반,준중형 세단,Avante (CN7 N),휘발유,2023-04-28,2분기,57,66410000,현금,1,온라인,692
박숙자,1975-12-10,50,50대,여,043-103-1064,bagjeongja@dreamwiz.com,경상남도 창원시 의창구 봉곡동 48-6,경상남도 창원시,eunseogim,2023-08-21,VIP,중형 SUV,Santa-Fe ™,디젤,2024-10-15,4분기,49,57200000,신용카드,5,온라인,156
백준서,1970-11-29,55,50대,여,070-7561-0121,seonyeong40@hotmail.com,대구광역시 수성구 범어동 55-3,대구광역시,gimyeongho,2023-09-13,VIP,중형 SUV,NEXO (FE),수소,2024-01-30,1분기,54,67180000,계좌이체,2,오프라인,415
한성훈,1975-06-05,50,50대,남,061-401-7797,ngim@hotmail.com,대전광역시 유성구 봉명동 44-2,대전광역시,qyun,2022-04-21,VIP,중형 SUV,Santa-Fe ™,디젤,2025-03-06,1분기,50,41600000,계좌이체,5,오프라인,14
이예원,1999-06-12,26,20대,남,010-8572-3457,minseog64@ju.net,광주광역시 서구 치평동 14-7,광주광역시,ghwang,2023-11-07,VIP,중형 세단,G70 (IK),휘발유,2024-10-14,4분기,25,30670000,현금,5,온라인,157
최서현,1968-06-11,57,50대,남,043-079-6245,yeongsun54@baemungim.com,부산광역시 해운대구 우동 101-12,부산광역시,gyeongjabae,2023-05-07,VIP,중형 SUV,Santa-Fe ™,디젤,2023-08-09,3분기,55,70970000,현금,3,온라인,589
박옥자,2002-12-16,23,20대,여,011-710-3793,minseog78@yu.com,서울특별시 강남구 역삼동 123-45,서울특별시,iseonyeong,2023-11-04,VIP,중형 SUV,Santa-Fe ™,디젤,2025-02-16,1분기,23,64360000,계좌이체,4,온라인,32
김은서,1985-12-09,40,40대,여,051-902-6026,bi@jusighoesa.com,경상북도 포항시 남구 대도동 19-2,경상북도 포항시,gimjuweon,2023-11-27,VIP,중형 SUV,NEXO (FE),수소,2025-01-10,1분기,40,36230000,계좌이체,5,온라인,69
이순옥,1964-09-11,61,60대,여,018-247-9858,baghyeonju@isongwag.com,서울특별시 강남구 역삼동 123-45,서울특별시,sunogi,2024-07-07,VIP,중형 SUV,Santa-Fe ™,디젤,2023-04-25,2분기,59,73410000,계좌이체,2,오프라인,695
이도윤,1960-12-31,65,60대,남,062-301-2884,yeongjin28@gimsongo.com,대구광역시 수성구 범어동 55-3,대구광역시,sgweon,2022-08-17,VIP,준중형 세단,Avante (CN7 N),휘발유,2023-08-23,3분기,63,73150000,신용카드,5,오프라인,575
서건우,1999-09-27,26,20대,남,063-080-0548,fbag@nate.com,인천광역시 남동구 구월동 88-10,인천광역시,lcoe,2023-06-12,VIP,중형 세단,G70 (IK),휘발유,2023-08-02,3분기,24,62270000,현금,3,온라인,596
김영일,1978-06-04,47,40대,남,070-1858-1107,sunja23@ju.org,충청북도 청주시 상당구 낙실동 9-1,충청북도 청주시,fo,2022-08-30,VIP,대형 세단,G80 (RG3),휘발유,2024-07-06,3분기,46,37090000,현금,2,오프라인,257
박도현,1983-06-25,42,40대,여,016-960-4239,lgim@bagju.com,인천광역시 남동구 구월동 88-10,인천광역시,gimjuweon,2025-02-27,VIP,중형 SUV,NEXO (FE),수소,2024-08-21,3분기,41,43760000,계좌이체,4,오프라인,211
황영순,1974-10-29,51,50대,남,043-054-3941,seungminyun@ison.kr,인천광역시 남동구 구월동 88-10,인천광역시,wcoe,2023-06-10,VIP,중형 SUV,Santa-Fe ™,디젤,2024-03-23,1분기,50,35610000,계좌이체,2,오프라인,362
안성민,1972-09-22,53,50대,남,041-954-0034,yeonggil75@ganggim.org,충청북도 청주시 상당구 낙실동 9-1,충청북도 청주시,haeunju,2022-10-01,VIP,중형 SUV,NEXO (FE),수소,2024-03-25,1분기,52,44550000,현금,4,오프라인,360
이현준,1973-03-28,52,50대,남,041-298-3351,jeongung91@live.com,대전광역시 유성구 봉명동 44-2,대전광역시,xi,2025-01-27,VIP,준중형 세단,Avante (CN7 N),휘발유,2023-10-10,4분기,50,61350000,신용카드,5,온라인,527
김예지,1958-10-02,67,60대,남,061-569-2767,coeboram@nate.com,충청북도 청주시 상당구 낙실동 9-1,충청북도 청주시,yeonghwan93,2023-06-29,VIP,중형 SUV,NEXO (FE),수소,2023-06-02,2분기,65,69890000,계좌이체,2,온라인,657
이영길,1955-12-04,70,70대,여,018-950-1292,hgim@naver.com,충청남도 천안시 동남구 성성동 22-3,충청남도 천안시,wi,2023-12-24,일반,중형 세단,G70 (IK),휘발유,2023-11-12,4분기,68,30220000,현금,1,오프라인,494
이준호,1996-10-26,29,20대,여,064-776-5924,sangceolgim@jusighoesa.com,울산광역시 남구 달동 23-5,울산광역시,miyeonggim,2024-03-08,VIP,중형 SUV,NEXO (FE),수소,2023-11-30,4분기,27,57580000,현금,3,오프라인,476
한성수,1959-04-25,66,60대,여,062-160-6151,wyun@iim.net,경상남도 창원시 의창구 봉곡동 48-6,경상남도 창원시,li,2022-07-16,VIP,대형 세단,G80 (RG3),휘발유,2023-06-08,2분기,64,62700000,신용카드,2,오프라인,651
이명숙,1992-01-31,33,30대,여,051-702-6616,songjaeho@gimi.com,인천광역시 남동구 구월동 88-10,인천광역시,jeonghyigim,2023-12-31,VIP,준중형 세단,Avante (CN7 N),휘발유,2023-09-23,3분기,31,68630000,현금,5,온라인,544
김민석,2003-03-08,22,20대,남,010-2372-0942,songjeonghyi@naver.com,충청북도 청주시 상당구 낙실동 9-1,충청북도 청주시,gwangsuson,2022-10-08,VIP,중형 SUV,NEXO (FE),수소,2023-08-10,3분기,20,85970000,신용카드,3,온라인,588
고수민,1996-02-24,29,20대,남,053-176-4468,pi@ju.com,경상북도 포항시 남구 대도동 19-2,경상북도 포항시,gimjihye,2024-08-05,일반,중형 SUV,NEXO (FE),수소,2024-09-17,3분기,28,63570000,현금,1,온라인,184
서지훈,1969-07-24,56,50대,남,055-054-3608,seosiu@hotmail.com,부산광역시 해운대구 우동 101-12,부산광역시,bagseongho,2022-07-19,VIP,준중형 세단,Avante (CN7 N),휘발유,2023-11-02,4분기,54,32550000,현금,3,오프라인,504
김현우,1984-12-28,41,40대,여,019-036-2316,hyeonju80@ju.kr,경기도 수원시 영통구 원천동 12-34,경기도 수원시,yheo,2024-12-16,VIP,준중형 세단,Avante (CN7 N),휘발유,2024-09-27,3분기,40,38140000,신용카드,5,오프라인,174
김영환,1957-03-08,68,60대,여,044-214-8023,yeonghwani@dreamwiz.com,전라남도 목포시 부주동 77-8,전라남도 목포시,sangceolhwang,2023-06-06,VIP,중형 세단,G70 (IK),휘발유,2024-10-18,4분기,67,88650000,신용카드,5,오프라인,153
이건우,1958-07-27,67,60대,남,019-378-2527,minjungim@yuhanhoesa.com,전라북도 전주시 완산구 덕진동 33-7,전라북도 전주시,xgim,2022-08-20,VIP,준중형 세단,Avante (CN7 N),휘발유,2024-04-22,2분기,66,47730000,신용카드,3,온라인,332
진윤서,1988-01-21,37,30대,남,055-909-9267,oseong@yu.com,경기도 수원시 영통구 원천동 12-34,경기도 수원시,gimseongho,2023-11-04,일반,준중형 세단,Avante (CN7 N),휘발유,2023-12-28,4분기,35,88470000,신용카드,1,온라인,448
이영자,1982-09-28,43,40대,여,031-256-0870,baghaeun@naver.com,경기도 성남시 분당구 정자동 56-78,경기도 성남시,jia75,2023-01-16,VIP,중형 세단,G70 (IK),휘발유,2024-01-29,1분기,42,83840000,현금,3,오프라인,416
최명자,2000-11-20,25,20대,남,054-894-5954,gimseonghun@gimno.com,광주광역시 서구 치평동 14-7,광주광역시,caeweon09,2024-06-28,일반,중형 SUV,NEXO (FE),수소,2023-11-26,4분기,23,58930000,신용카드,1,온라인,480
류민석,1971-03-27,54,50대,남,070-0215-2884,minji83@live.com,울산광역시 남구 달동 23-5,울산광역시,gimjihyeon,2022-10-13,VIP,중형 세단,G70 (IK),휘발유,2024-01-01,1분기,53,67480000,현금,5,오프라인,444
성정자,1988-10-08,37,30대,남,062-574-9396,yeeun88@dreamwiz.com,울산광역시 남구 달동 23-5,울산광역시,imigyeong,2024-11-16,VIP,중형 SUV,Santa-Fe ™,디젤,2023-10-12,4분기,35,66300000,현금,4,온라인,525
이영환,1998-04-21,27,20대,남,044-955-3033,yeongceol30@jusighoesa.kr,충청북도 청주시 상당구 낙실동 9-1,충청북도 청주시,idoyun,2023-08-24,일반,중형 SUV,Santa-Fe ™,디젤,2023-11-03,4분기,25,70510000,현금,1,온라인,503
이준영,2002-11-12,23,20대,여,054-106-6090,mhwang@hanmail.net,서울특별시 강남구 역삼동 123-45,서울특별시,baggyeongsug,2025-01-20,신규,중형 SUV,Santa-Fe ™,디젤,2024-09-20,3분기,22,67020000,현금,1,온라인,181
김경자,1962-11-22,63,60대,여,053-945-9083,gimogja@gimgimbag.org,서울특별시 종로구 청운동 67-89,서울특별시,gojihye,2023-01-14,VIP,중형 세단,G70 (IK),휘발유,2023-12-21,4분기,61,68300000,신용카드,4,온라인,455
이혜진,1956-05-07,69,60대,여,016-543-6491,ycoe@dreamwiz.com,광주광역시 서구 치평동 14-7,광주광역시,jiweonmin,2024-06-10,VIP,중형 세단,G70 (IK),휘발유,2023-03-14,1분기,67,42060000,현금,5,온라인,737
곽옥순,2001-04-07,24,20대,여,02-4743-0405,yujini@hotmail.com,대전광역시 유성구 봉명동 44-2,대전광역시,jihyeyun,2023-01-01,VIP,준중형 세단,Avante (CN7 N),휘발유,2024-01-01,1분기,23,36550000,신용카드,3,오프라인,444
김시우,1981-02-03,44,40대,남,051-416-1404,bagjiu@daum.net,전라남도 목포시 부주동 77-8,전라남도 목포시,jihugim,2023-08-07,VIP,중형 SUV,Santa-Fe ™,디젤,2025-01-20,1분기,44,84370000,계좌이체,2,오프라인,59
윤재호,1994-10-15,31,30대,남,019-274-7240,pi@gimiheo.org,대구광역시 수성구 범어동 55-3,대구광역시,bagyeongsun,2022-06-15,VIP,대형 세단,G80 (RG3),휘발유,2023-10-13,4분기,29,54340000,현금,2,온라인,524
강종수,1982-09-28,43,40대,남,054-107-1543,seohyeonson@seoiha.com,대전광역시 유성구 봉명동 44-2,대전광역시,jihugim,2023-03-06,일반,중형 SUV,NEXO (FE),수소,2024-07-26,3분기,42,39760000,신용카드,1,온라인,237
성성수,1985-07-24,40,40대,남,063-749-2202,yeonghwan20@gmail.com,충청북도 청주시 상당구 낙실동 9-1,충청북도 청주시,mijeong41,2023-01-12,일반,대형 세단,G80 (RG3),휘발유,2023-12-15,4분기,38,48800000,계좌이체,1,오프라인,461
정지혜,1968-12-19,57,50대,남,064-782-9705,junseo28@daum.net,경기도 성남시 분당구 정자동 56-78,경기도 성남시,ggang,2023-07-10,VIP,준중형 세단,Avante (CN7 N),휘발유,2024-07-21,3분기,56,79230000,계좌이체,2,온라인,242
손아름,1997-08-25,28,20대,남,062-718-8934,ji@live.com,경상북도 포항시 남구 대도동 19-2,경상북도 포항시,jinho57,2023-05-31,VIP,중형 SUV,NEXO (FE),수소,2024-05-16,2분기,27,38860000,현금,3,온라인,308
조성호,1985-05-11,40,40대,여,061-222-9939,ygim@icoe.net,대구광역시 수성구 범어동 55-3,대구광역시,minjunheo,2023-10-06,VIP,준중형 세단,Avante (CN7 N),휘발유,2023-09-25,3분기,38,53910000,계좌이체,3,온라인,542
김수민,2000-07-04,25,20대,남,042-448-2472,hhwang@gimi.kr,경기도 수원시 영통구 원천동 12-34,경기도 수원시,kgang,2022-03-13,일반,대형 세단,G80 (RG3),휘발유,2023-03-27,1분기,23,38900000,신용카드,1,온라인,724
김민준,1958-09-02,67,60대,남,043-165-6918,qyun@daum.net,전라남도 목포시 부주동 77-8,전라남도 목포시,jihyegim,2024-01-12,일반,중형 SUV,NEXO (FE),수소,2023-12-25,4분기,65,72930000,계좌이체,1,오프라인,451
이경숙,1997-01-22,28,20대,여,063-318-8654,vseo@nate.com,충청남도 천안시 동남구 성성동 22-3,충청남도 천안시,qcoe,2024-06-03,VIP,준중형 세단,Avante (CN7 N),휘발유,2023-10-20,4분기,26,55370000,계좌이체,3,오프라인,517
황도윤,1976-06-02,49,40대,남,011-361-9602,sugja86@hanmail.net,서울특별시 종로구 청운동 67-89,서울특별시,yeonghyigim,2023-03-25,VIP,중형 SUV,NEXO (FE),수소,2023-11-29,4분기,47,65540000,계좌이체,2,오프라인,477
강영자,1956-03-06,69,60대,여,043-795-5239,qyun@nate.com,충청북도 청주시 상당구 낙실동 9-1,충청북도 청주시,lgim,2024-01-10,VIP,중형 SUV,NEXO (FE),수소,2025-01-31,1분기,69,46520000,현금,5,오프라인,48
이지민,1989-10-30,36,30대,여,032-829-9655,vgim@ju.net,경기도 성남시 분당구 정자동 56-78,경기도 성남시,imyeongsug,2022-07-27,일반,중형 세단,G70 (IK),휘발유,2024-01-19,1분기,35,77710000,현금,1,온라인,426
남지연,1987-02-22,38,30대,남,053-140-5696,minjae16@nate.com,경기도 수원시 영통구 원천동 12-34,경기도 수원시,hanyeongsig,2023-06-06,VIP,중형 SUV,NEXO (FE),수소,2023-04-22,2분기,36,51200000,계좌이체,2,오프라인,698
이은서,1963-10-11,62,60대,남,033-818-4794,gwangsugang@daum.net,서울특별시 강남구 역삼동 123-45,서울특별시,jiahan,2022-08-12,신규,중형 세단,G70 (IK),휘발유,2024-11-11,4분기,61,79370000,계좌이체,1,오프라인,129
정예원,1971-07-20,54,50대,여,044-883-9197,dgim@jigimryu.kr,경상북도 포항시 남구 대도동 19-2,경상북도 포항시,sanghyeon96,2024-12-17,VIP,준중형 세단,Avante (CN7 N),휘발유,2023-10-08,4분기,52,68370000,계좌이체,4,오프라인,529
신성현,1968-07-06,57,50대,남,052-691-4844,ahwang@jusighoesa.net,광주광역시 서구 치평동 14-7,광주광역시,jihugang,2023-05-06,VIP,중형 SUV,NEXO (FE),수소,2024-12-28,4분기,56,64060000,신용카드,5,오프라인,82
민정호,1969-08-16,56,50대,여,041-291-9081,seongsugim@naver.com,전라남도 목포시 부주동 77-8,전라남도 목포시,sumini,2025-03-04,VIP,중형 세단,G70 (IK),휘발유,2023-05-21,2분기,54,48970000,계좌이체,5,오프라인,669
박지원,1963-12-25,62,60대,남,070-1378-2398,hayun60@live.com,경상남도 창원시 의창구 봉곡동 48-6,경상남도 창원시,fseo,2024-08-25,VIP,대형 세단,G80 (RG3),휘발유,2024-05-23,2분기,61,72510000,현금,4,오프라인,301
김영자,1976-10-26,49,40대,남,052-077-3080,jia19@yu.kr,전라남도 목포시 부주동 77-8,전라남도 목포시,iyujin,2024-04-28,VIP,중형 SUV,NEXO (FE),수소,2024-05-25,2분기,48,31010000,계좌이체,4,오프라인,299
이서윤,1966-01-01,59,50대,여,032-094-1834,ji@daum.net,서울특별시 강남구 역삼동 123-45,서울특별시,jeongsugyang,2023-03-14,VIP,중형 세단,G70 (IK),휘발유,2023-10-12,4분기,57,35130000,현금,4,온라인,525
송지은,1954-07-31,71,70대,여,031-194-0436,pcoe@daum.net,부산광역시 해운대구 우동 101-12,부산광역시,sugja08,2023-07-07,VIP,중형 세단,G70 (IK),휘발유,2024-10-29,4분기,70,81810000,신용카드,4,온라인,142
이서연,1989-03-12,36,30대,남,054-402-5332,gimjimin@dreamwiz.com,부산광역시 해운대구 우동 101-12,부산광역시,hyejinseo,2024-02-04,VIP,중형 SUV,NEXO (FE),수소,2023-12-05,4분기,34,36540000,신용카드,3,온라인,471
김성호,1985-06-25,40,40대,여,016-385-1242,ygim@hanmail.net,대구광역시 수성구 범어동 55-3,대구광역시,jia98,2022-08-04,VIP,중형 SUV,Santa-Fe ™,디젤,2024-03-02,1분기,39,49740000,계좌이체,5,오프라인,383
홍정숙,1955-01-05,70,70대,남,033-339-1865,minjae03@gmail.com,광주광역시 서구 치평동 14-7,광주광역시,jeongung32,2022-10-19,VIP,중형 SUV,Santa-Fe ™,디젤,2024-04-25,2분기,69,89890000,신용카드,5,오프라인,329
박혜진,1978-05-30,47,40대,남,052-925-4265,idonghyeon@nate.com,서울특별시 종로구 청운동 67-89,서울특별시,sgim,2022-07-09,일반,중형 세단,G70 (IK),휘발유,2023-12-11,4분기,45,72730000,신용카드,1,오프라인,465
이정훈,1962-04-15,63,60대,남,041-956-4884,wi@jangjono.org,경기도 수원시 영통구 원천동 12-34,경기도 수원시,gyeongjaeom,2023-09-10,VIP,준중형 세단,Avante (CN7 N),휘발유,2025-01-11,1분기,63,34880000,현금,2,오프라인,68
이승현,1982-02-17,43,40대,여,011-220-1097,sanghun90@yuhanhoesa.net,대전광역시 유성구 봉명동 44-2,대전광역시,yeongsig47,2024-08-01,VIP,준중형 세단,Avante (CN7 N),휘발유,2024-07-17,3분기,42,54290000,신용카드,4,오프라인,246
박채원,1964-11-10,61,60대,여,044-904-2678,qmun@nate.com,부산광역시 해운대구 우동 101-12,부산광역시,yejison,2022-11-07,신규,준중형 세단,Avante (CN7 N),휘발유,2024-10-14,4분기,60,72600000,계좌이체,1,온라인,157
김중수,1971-02-07,54,50대,여,032-688-4921,jangyeongsun@seoian.org,울산광역시 남구 달동 23-5,울산광역시,doyun38,2023-12-31,VIP,중형 SUV,NEXO (FE),수소,2024-02-20,1분기,53,73080000,현금,4,온라인,394
김영호,1999-07-28,26,20대,여,061-009-2153,ogim@yu.kr,인천광역시 남동구 구월동 88-10,인천광역시,gimjeongsug,2022-09-21,VIP,중형 SUV,Santa-Fe ™,디젤,2024-07-25,3분기,25,75840000,신용카드,4,온라인,238
심동현,1999-01-19,26,20대,여,070-6615-9710,kcoe@gmail.com,서울특별시 강남구 역삼동 123-45,서울특별시,yejun41,2024-07-23,VIP,중형 세단,G70 (IK),휘발유,2024-07-16,3분기,25,76370000,현금,3,오프라인,247
박민석,1957-08-08,68,60대,남,053-382-8342,gohyeonji@live.com,충청남도 천안시 동남구 성성동 22-3,충청남도 천안시,wi,2023-02-15,VIP,대형 세단,G80 (RG3),휘발유,2024-05-18,2분기,67,59640000,계좌이체,2,온라인,306
김병철,1969-01-04,56,50대,남,041-324-1120,vgang@jusighoesa.kr,서울특별시 종로구 청운동 67-89,서울특별시,seonghaeun,2023-12-08,VIP,중형 세단,G70 (IK),휘발유,2023-08-07,3분기,54,83300000,계좌이체,2,온라인,591
서영길,1972-04-13,53,50대,여,043-531-1236,hi@dreamwiz.com,대구광역시 수성구 범어동 55-3,대구광역시,pgo,2023-02-11,VIP,대형 세단,G80 (RG3),휘발유,2023-11-03,4분기,51,53260000,현금,5,온라인,503
홍현숙,1959-10-02,66,60대,남,043-342-4176,jangjunhyeog@dreamwiz.com,충청북도 청주시 상당구 낙실동 9-1,충청북도 청주시,eunju52,2024-11-17,VIP,대형 세단,G80 (RG3),휘발유,2024-10-16,4분기,65,89120000,현금,4,오프라인,155
박아름,1956-10-06,69,60대,남,051-791-2267,yejin22@gimcoe.org,전라남도 목포시 부주동 77-8,전라남도 목포시,qryu,2022-07-16,VIP,중형 SUV,Santa-Fe ™,디젤,2023-12-28,4분기,67,48390000,신용카드,2,온라인,448
김광수,1974-10-18,51,50대,남,011-398-0609,yunogja@angim.com,대구광역시 수성구 범어동 55-3,대구광역시,zgim,2022-09-03,VIP,중형 SUV,NEXO (FE),수소,2024-01-11,1분기,50,36880000,신용카드,3,온라인,434
오민준,1988-05-29,37,30대,남,064-731-2054,gimhyeonjeong@hwangbagryu.kr,울산광역시 남구 달동 23-5,울산광역시,yeonggil14,2024-08-13,신규,중형 SUV,Santa-Fe ™,디젤,2025-02-28,1분기,37,89440000,현금,1,온라인,20
김성현,1973-09-24,52,50대,남,062-326-6677,gimseoyeong@yu.org,경기도 수원시 영통구 원천동 12-34,경기도 수원시,hayun28,2022-05-18,VIP,중형 세단,G70 (IK),휘발유,2025-03-05,1분기,52,73020000,계좌이체,2,온라인,15
김예진,1990-01-15,35,30대,남,042-517-0040,ji@hotmail.com,광주광역시 서구 치평동 14-7,광주광역시,songjeonghyi,2024-03-17,일반,준중형 세단,Avante (CN7 N),휘발유,2024-05-16,2분기,34,42530000,신용카드,1,온라인,308
손준호,1986-03-05,39,30대,남,070-0150-7134,xgim@yu.kr,인천광역시 남동구 구월동 88-10,인천광역시,gimeunyeong,2023-03-05,신규,대형 세단,G80 (RG3),휘발유,2025-02-17,1분기,39,68170000,현금,1,오프라인,31
최현우,1962-03-29,63,60대,남,063-354-7740,jihyeongim@jusighoesa.kr,인천광역시 남동구 구월동 88-10,인천광역시,bagyujin,2024-02-19,VIP,중형 SUV,Santa-Fe ™,디젤,2024-10-07,4분기,62,63320000,계좌이체,5,오프라인,164
배재현,2001-12-02,24,20대,여,054-708-1976,dbag@daum.net,경기도 수원시 영통구 원천동 12-34,경기도 수원시,hyeonju98,2024-02-29,VIP,중형 세단,G70 (IK),휘발유,2023-05-09,2분기,22,83360000,현금,5,온라인,681
서지영,1964-07-21,61,60대,여,044-741-1486,jihun48@ju.kr,충청남도 천안시 동남구 성성동 22-3,충청남도 천안시,isujin,2023-03-16,VIP,중형 세단,G70 (IK),휘발유,2023-10-08,4분기,59,38190000,계좌이체,2,오프라인,529
김진호,2002-06-04,23,20대,여,018-315-1577,gimhyeonjun@gimgo.net,부산광역시 해운대구 우동 101-12,부산광역시,haeunjo,2022-12-16,일반,중형 SUV,Santa-Fe ™,디젤,2023-06-16,2분기,21,79000000,계좌이체,1,온라인,643
이영철,1981-07-10,44,40대,여,031-224-5926,iyeongsun@yu.org,인천광역시 남동구 구월동 88-10,인천광역시,hgang,2023-05-23,VIP,중형 세단,G70 (IK),휘발유,2023-03-20,1분기,42,45860000,현금,5,오프라인,731
서지원,1973-05-11,52,50대,여,051-659-0158,gohyeonu@yuhanhoesa.com,전라남도 목포시 부주동 77-8,전라남도 목포시,munjungsu,2023-06-29,VIP,대형 세단,G80 (RG3),휘발유,2025-01-22,1분기,52,67010000,계좌이체,5,오프라인,57
조선영,1981-02-27,44,40대,여,032-086-3570,gimeunseo@live.com,서울특별시 종로구 청운동 67-89,서울특별시,sanghyeongo,2024-08-10,VIP,중형 세단,G70 (IK),휘발유,2024-11-21,4분기,43,61290000,계좌이체,2,오프라인,119
권영자,1968-01-07,57,50대,여,017-445-8406,fi@yu.org,경기도 수원시 영통구 원천동 12-34,경기도 수원시,jaehyeon94,2024-04-20,VIP,대형 세단,G80 (RG3),휘발유,2024-07-18,3분기,56,83280000,현금,2,온라인,245
정은지,1980-02-11,45,40대,남,051-326-9405,ji@nate.com,충청북도 청주시 상당구 낙실동 9-1,충청북도 청주시,igim,2023-07-18,VIP,중형 SUV,Santa-Fe ™,디젤,2025-01-16,1분기,45,43090000,신용카드,3,온라인,63
이경희,1968-09-13,57,50대,남,019-031-6622,doyun69@gweonhwangseo.kr,경상남도 창원시 의창구 봉곡동 48-6,경상남도 창원시,ogjabag,2022-06-14,VIP,중형 세단,G70 (IK),휘발유,2023-11-25,4분기,55,59280000,현금,3,오프라인,481
문승민,1970-05-23,55,50대,여,054-470-5932,seojungim@ii.net,전라북도 전주시 완산구 덕진동 33-7,전라북도 전주시,hi,2025-01-10,VIP,중형 SUV,Santa-Fe ™,디젤,2024-07-19,3분기,54,57930000,현금,4,오프라인,244
서서윤,2002-06-10,23,20대,여,032-125-4223,ogsun81@yuhanhoesa.net,광주광역시 서구 치평동 14-7,광주광역시,hyeonju95,2023-02-18,VIP,준중형 세단,Avante (CN7 N),휘발유,2024-02-12,1분기,22,53260000,현금,5,온라인,402
지현우,1997-12-18,28,20대,남,063-702-1782,cunja82@yuhanhoesa.com,대구광역시 수성구 범어동 55-3,대구광역시,ibyeongceol,2022-10-04,VIP,중형 세단,G70 (IK),휘발유,2025-01-13,1분기,28,56610000,계좌이체,3,오프라인,66
김현주,1979-05-16,46,40대,남,042-601-1611,sanghungweon@seoanbaeg.kr,전라북도 전주시 완산구 덕진동 33-7,전라북도 전주시,haeungim,2024-11-14,VIP,중형 SUV,NEXO (FE),수소,2023-08-25,3분기,44,53180000,신용카드,4,오프라인,573
박성수,1996-12-02,29,20대,남,019-068-2325,seonghuni@nate.com,부산광역시 해운대구 우동 101-12,부산광역시,gimyujin,2022-10-19,VIP,중형 SUV,Santa-Fe ™,디젤,2024-12-09,4분기,28,43840000,현금,5,오프라인,101
이진호,1998-07-17,27,20대,여,02-8350-5965,eunjeong74@ihongbag.com,서울특별시 강남구 역삼동 123-45,서울특별시,gimsangceol,2022-12-15,VIP,중형 세단,G70 (IK),휘발유,2023-07-06,3분기,25,65040000,현금,3,온라인,623
김영순,1978-06-28,47,40대,여,018-144-0592,yeweonyu@live.com,충청북도 청주시 상당구 낙실동 9-1,충청북도 청주시,nha,2023-03-13,VIP,중형 SUV,NEXO (FE),수소,2024-01-13,1분기,46,83610000,현금,2,오프라인,432
류민수,1958-07-06,67,60대,여,042-329-9343,vgim@hanji.org,충청북도 청주시 상당구 낙실동 9-1,충청북도 청주시,ui,2022-10-26,VIP,중형 SUV,NEXO (FE),수소,2023-08-04,3분기,65,39010000,계좌이체,5,온라인,594
장정훈,1996-01-21,29,20대,남,018-700-2342,iujin@ju.com,광주광역시 서구 치평동 14-7,광주광역시,xgim,2023-10-21,일반,대형 세단,G80 (RG3),휘발유,2024-01-24,1분기,28,84030000,계좌이체,1,온라인,421
정현지,1955-05-03,70,70대,남,011-547-0199,jeongsu64@ju.kr,광주광역시 서구 치평동 14-7,광주광역시,hyeonsug49,2025-02-23,신규,준중형 세단,Avante (CN7 N),휘발유,2024-10-10,4분기,69,84930000,계좌이체,1,오프라인,161
류영희,1973-07-04,52,50대,여,054-653-1887,minjae88@gimi.org,경기도 성남시 분당구 정자동 56-78,경기도 성남시,fgim,2022-12-25,VIP,대형 세단,G80 (RG3),휘발유,2024-07-22,3분기,51,87610000,현금,2,오프라인,241
김서현,1982-08-12,43,40대,남,070-2225-9369,gimjunseo@jusighoesa.com,전라북도 전주시 완산구 덕진동 33-7,전라북도 전주시,boramo,2023-10-08,일반,준중형 세단,Avante (CN7 N),휘발유,2024-01-06,1분기,42,35370000,신용카드,1,오프라인,439
김상철,1974-04-23,51,50대,남,042-041-3141,xgim@hanmail.net,인천광역시 남동구 구월동 88-10,인천광역시,yangseoyeong,2024-01-19,VIP,중형 세단,G70 (IK),휘발유,2024-10-17,4분기,50,39170000,현금,3,온라인,154
김동현,1992-03-13,33,30대,남,070-5521-8455,gyeongsuggim@hanmail.net,서울특별시 종로구 청운동 67-89,서울특별시,pgim,2024-11-28,VIP,중형 SUV,NEXO (FE),수소,2023-08-04,3분기,31,42950000,현금,3,온라인,594
안선영,1961-10-15,64,60대,남,017-590-7839,haeunnam@naver.com,부산광역시 해운대구 우동 101-12,부산광역시,ii,2022-03-19,일반,준중형 세단,Avante (CN7 N),휘발유,2024-01-21,1분기,63,32870000,현금,1,오프라인,424
김명숙,2001-11-13,24,20대,여,011-811-5410,gwangsucoe@jusighoesa.kr,경기도 수원시 영통구 원천동 12-34,경기도 수원시,vi,2022-08-03,VIP,중형 SUV,NEXO (FE),수소,2025-02-10,1분기,24,62260000,신용카드,3,온라인,38
이은정,1985-04-01,40,40대,여,043-660-2321,yangseoyeong@daum.net,서울특별시 종로구 청운동 67-89,서울특별시,bagseungmin,2023-07-17,VIP,중형 SUV,Santa-Fe ™,디젤,2024-06-21,2분기,39,88940000,계좌이체,5,오프라인,272
이지영,1978-03-06,47,40대,여,042-966-5944,donghyeoni@jusighoesa.kr,전라북도 전주시 완산구 덕진동 33-7,전라북도 전주시,yujingim,2023-12-20,일반,대형 세단,G80 (RG3),휘발유,2023-07-05,3분기,45,68400000,현금,1,온라인,624
이진우,1969-10-25,56,50대,여,032-874-1296,honggyeongsu@gmail.com,경기도 성남시 분당구 정자동 56-78,경기도 성남시,jojaeho,2023-08-20,일반,중형 SUV,NEXO (FE),수소,2024-03-29,1분기,55,45780000,계좌이체,1,오프라인,356
오서연,1995-07-07,30,30대,여,032-366-4016,ojeonghun@yu.com,경기도 수원시 영통구 원천동 12-34,경기도 수원시,caeweon59,2022-10-24,일반,준중형 세단,Avante (CN7 N),휘발유,2023-06-09,2분기,28,32920000,신용카드,1,온라인,650
김정희,1997-10-12,28,20대,여,019-311-5666,hanjeongung@ju.com,충청북도 청주시 상당구 낙실동 9-1,충청북도 청주시,wi,2023-05-04,VIP,중형 세단,G70 (IK),휘발유,2024-12-03,4분기,27,86690000,신용카드,3,온라인,107
이지혜,2003-05-26,22,20대,여,051-856-0687,ijinho@gmail.com,전라북도 전주시 완산구 덕진동 33-7,전라북도 전주시,ecoe,2023-12-25,VIP,중형 세단,G70 (IK),휘발유,2024-07-22,3분기,21,84800000,현금,3,온라인,241
윤성훈,1955-06-23,70,70대,여,052-366-0874,jjo@gmail.com,경기도 수원시 영통구 원천동 12-34,경기도 수원시,gimjeongsug,2023-06-26,일반,대형 세단,G80 (RG3),휘발유,2023-03-25,1분기,68,83330000,계좌이체,1,온라인,726
김서연,1961-05-28,64,60대,남,019-466-0745,yi@gmail.com,광주광역시 서구 치평동 14-7,광주광역시,dohyeonbae,2024-06-22,VIP,중형 세단,G70 (IK),휘발유,2023-08-27,3분기,62,55580000,신용카드,5,오프라인,571
손지후,1959-04-27,66,60대,여,053-528-3443,qyun@hanmail.net,경기도 수원시 영통구 원천동 12-34,경기도 수원시,seongjinbae,2022-08-15,VIP,준중형 세단,Avante (CN7 N),휘발유,2025-02-10,1분기,66,54060000,현금,2,온라인,38
전정수,2002-07-01,23,20대,여,043-736-9120,yeongsuggim@live.com,경기도 성남시 분당구 정자동 56-78,경기도 성남시,byeongceol79,2025-03-07,VIP,중형 SUV,NEXO (FE),수소,2024-01-16,1분기,22,62760000,신용카드,2,오프라인,429
구주원,1963-09-08,62,60대,여,061-310-8327,gimyeeun@hanmail.net,충청북도 청주시 상당구 낙실동 9-1,충청북도 청주시,lgweon,2024-02-27,VIP,중형 세단,G70 (IK),휘발유,2024-12-26,4분기,61,67440000,계좌이체,5,온라인,84
박영호,1995-01-09,30,30대,남,042-918-1515,seojun75@hotmail.com,경기도 수원시 영통구 원천동 12-34,경기도 수원시,gwangsu15,2024-04-20,VIP,중형 SUV,NEXO (FE),수소,2023-06-11,2분기,28,44780000,현금,4,오프라인,648
박현정,1977-03-28,48,40대,남,010-3801-5326,siusin@najeonggim.kr,서울특별시 종로구 청운동 67-89,서울특별시,jeongjaryu,2023-06-24,일반,중형 SUV,NEXO (FE),수소,2024-07-21,3분기,47,46850000,계좌이체,1,오프라인,242
이유진,2001-09-01,24,20대,여,055-054-3726,sangho57@yuhanhoesa.kr,울산광역시 남구 달동 23-5,울산광역시,doyungim,2024-08-09,VIP,중형 SUV,Santa-Fe ™,디젤,2025-03-07,1분기,24,50720000,현금,5,오프라인,13
한순옥,1967-09-01,58,50대,여,053-765-5303,seongjin46@daum.net,경상북도 포항시 남구 대도동 19-2,경상북도 포항시,migyeong21,2022-08-25,VIP,중형 SUV,Santa-Fe ™,디젤,2024-03-02,1분기,57,42510000,신용카드,4,오프라인,383
이성수,1996-02-04,29,20대,남,063-175-2716,minjinam@live.com,부산광역시 해운대구 우동 101-12,부산광역시,jiweon44,2023-10-08,VIP,준중형 세단,Avante (CN7 N),휘발유,2025-02-01,1분기,29,36500000,현금,5,온라인,47
박민수,1982-08-24,43,40대,여,032-655-9227,xgim@nate.com,서울특별시 강남구 역삼동 123-45,서울특별시,gyeonghyi14,2024-10-11,VIP,대형 세단,G80 (RG3),휘발유,2024-02-09,1분기,42,88690000,현금,4,온라인,405
노지훈,1974-10-12,51,50대,여,061-910-6439,misug04@hotmail.com,경기도 성남시 분당구 정자동 56-78,경기도 성남시,sujin21,2023-03-30,VIP,중형 SUV,NEXO (FE),수소,2023-08-07,3분기,49,33070000,신용카드,3,오프라인,591
권민서,1963-12-17,62,60대,남,017-025-2354,gimjunseo@hanmail.net,울산광역시 남구 달동 23-5,울산광역시,dim,2022-12-06,신규,중형 세단,G70 (IK),휘발유,2025-01-01,1분기,62,84160000,현금,1,온라인,78
최상철,1983-04-17,42,40대,남,055-078-4271,gimeunjeong@dreamwiz.com,서울특별시 종로구 청운동 67-89,서울특별시,bagdoyun,2025-01-02,VIP,중형 세단,G70 (IK),휘발유,2024-09-25,3분기,41,36850000,신용카드,3,온라인,176
최중수,1986-12-26,39,30대,여,041-417-0559,yi@yuhanhoesa.com,경기도 성남시 분당구 정자동 56-78,경기도 성남시,hyeonjun76,2024-10-02,일반,준중형 세단,Avante (CN7 N),휘발유,2024-06-19,2분기,38,59410000,신용카드,1,오프라인,274
임진우,1969-01-06,56,50대,남,063-090-5344,hwangjeongho@ju.com,전라북도 전주시 완산구 덕진동 33-7,전라북도 전주시,obag,2022-08-07,신규,중형 세단,G70 (IK),휘발유,2025-02-08,1분기,56,46640000,현금,1,오프라인,40
나선영,1975-07-01,50,50대,여,033-680-3642,jiyeongim@jogim.com,충청북도 청주시 상당구 낙실동 9-1,충청북도 청주시,songseoyun,2023-04-28,일반,중형 SUV,Santa-Fe ™,디젤,2023-12-07,4분기,48,78930000,현금,1,온라인,469
이정식,1959-05-12,66,60대,여,052-926-0479,jiyeong90@hagim.com,경상남도 창원시 의창구 봉곡동 48-6,경상남도 창원시,gimjeongsig,2023-04-09,VIP,대형 세단,G80 (RG3),휘발유,2024-12-15,4분기,65,63210000,신용카드,3,오프라인,95
김정숙,1972-04-08,53,50대,남,061-830-4047,jimingim@yuhanhoesa.net,서울특별시 강남구 역삼동 123-45,서울특별시,fgim,2022-04-30,VIP,대형 세단,G80 (RG3),휘발유,2024-11-24,4분기,52,86560000,계좌이체,2,오프라인,116
송수빈,1959-08-02,66,60대,여,018-230-7846,caeweon00@yu.kr,경기도 수원시 영통구 원천동 12-34,경기도 수원시,sangceolgim,2024-09-04,VIP,준중형 세단,Avante (CN7 N),휘발유,2024-07-24,3분기,65,71030000,신용카드,2,온라인,239
강승현,1986-05-25,39,30대,남,055-686-9236,yujinjang@yungang.com,부산광역시 해운대구 우동 101-12,부산광역시,gimhyeonsug,2022-03-24,VIP,중형 세단,G70 (IK),휘발유,2025-02-16,1분기,39,46720000,신용카드,4,온라인,32
황준혁,1964-04-14,61,60대,여,032-823-3485,gca@hanmail.net,광주광역시 서구 치평동 14-7,광주광역시,gbag,2024-04-04,VIP,중형 세단,G70 (IK),휘발유,2023-08-28,3분기,59,51540000,계좌이체,2,오프라인,570
장건우,1981-05-10,44,40대,남,070-8106-6622,seungminno@nate.com,대전광역시 유성구 봉명동 44-2,대전광역시,jiweoni,2025-01-09,VIP,중형 SUV,NEXO (FE),수소,2023-05-09,2분기,42,40970000,계좌이체,4,오프라인,681
김지은,1972-03-12,53,50대,여,055-340-2117,sumin11@gimi.com,충청북도 청주시 상당구 낙실동 9-1,충청북도 청주시,sanghunhwang,2022-10-30,VIP,대형 세단,G80 (RG3),휘발유,2023-07-30,3분기,51,41620000,신용카드,3,온라인,599
서춘자,1969-05-19,56,50대,여,018-896-9405,fgim@dreamwiz.com,서울특별시 종로구 청운동 67-89,서울특별시,obag,2022-09-13,일반,중형 세단,G70 (IK),휘발유,2023-04-23,2분기,54,33470000,신용카드,1,온라인,697
윤병철,1966-05-04,59,50대,여,042-205-5394,wyu@gmail.com,경기도 성남시 분당구 정자동 56-78,경기도 성남시,yeongceol55,2025-02-03,일반,대형 세단,G80 (RG3),휘발유,2024-06-24,2분기,58,48350000,계좌이체,1,온라인,269
서서현,1983-10-08,42,40대,여,019-905-9908,gimjihye@yu.kr,서울특별시 강남구 역삼동 123-45,서울특별시,nhwang,2025-03-11,VIP,중형 SUV,Santa-Fe ™,디젤,2025-02-26,1분기,42,38960000,현금,5,온라인,22
오옥자,2002-07-29,23,20대,여,032-529-6473,hanyeweon@daum.net,전라남도 목포시 부주동 77-8,전라남도 목포시,hyeonjun11,2025-01-20,일반,준중형 세단,Avante (CN7 N),휘발유,2023-06-22,2분기,21,62910000,계좌이체,1,온라인,637
박건우,1990-12-09,35,30대,남,062-698-5201,kgim@yu.org,전라남도 목포시 부주동 77-8,전라남도 목포시,mgang,2023-02-16,VIP,중형 SUV,Santa-Fe ™,디젤,2024-07-16,3분기,34,82580000,현금,5,오프라인,247
허경수,1983-03-05,42,40대,여,063-010-5636,hayungo@yuhanhoesa.com,경기도 성남시 분당구 정자동 56-78,경기도 성남시,gimsanghyeon,2023-04-02,일반,대형 세단,G80 (RG3),휘발유,2023-08-08,3분기,40,72970000,현금,1,온라인,590
박도윤,1966-01-12,59,50대,여,031-878-5882,sujin49@yunigim.com,경기도 성남시 분당구 정자동 56-78,경기도 성남시,jeongsugang,2022-07-12,VIP,준중형 세단,Avante (CN7 N),휘발유,2024-10-18,4분기,58,45780000,신용카드,5,온라인,153
윤현지,1960-07-13,65,60대,남,010-1347-0188,yeongja88@nate.com,서울특별시 종로구 청운동 67-89,서울특별시,xson,2023-05-04,VIP,중형 SUV,NEXO (FE),수소,2024-11-13,4분기,64,42150000,신용카드,5,온라인,127
오승현,1984-11-30,41,40대,여,017-025-3428,seoyeong20@nate.com,경기도 수원시 영통구 원천동 12-34,경기도 수원시,hyeonugang,2023-01-29,VIP,대형 세단,G80 (RG3),휘발유,2025-01-18,1분기,41,47850000,현금,2,오프라인,61
권재호,1954-04-06,71,70대,남,032-825-6328,sunja41@jusighoesa.com,전라남도 목포시 부주동 77-8,전라남도 목포시,jeongyeji,2025-02-11,VIP,중형 SUV,NEXO (FE),수소,2024-12-23,4분기,70,80220000,신용카드,3,오프라인,87
류경숙,1956-01-22,69,60대,여,044-331-3217,ominjae@daum.net,경상남도 창원시 의창구 봉곡동 48-6,경상남도 창원시,seoyun45,2023-07-28,VIP,중형 세단,G70 (IK),휘발유,2024-09-09,3분기,68,39500000,현금,3,온라인,192
노상훈,1958-03-21,67,60대,남,043-859-3755,seoyuncoe@ju.com,부산광역시 해운대구 우동 101-12,부산광역시,xgim,2023-03-03,VIP,준중형 세단,Avante (CN7 N),휘발유,2024-03-15,1분기,66,32560000,계좌이체,5,오프라인,370
양지훈,2003-11-14,22,20대,남,051-075-1587,jeongeunjeong@yu.com,경기도 수원시 영통구 원천동 12-34,경기도 수원시,mbag,2024-08-31,VIP,중형 세단,G70 (IK),휘발유,2024-04-10,2분기,21,73440000,신용카드,5,오프라인,344
박지민,1975-10-13,50,50대,남,054-964-0514,xi@gmail.com,전라북도 전주시 완산구 덕진동 33-7,전라북도 전주시,jihun46,2022-06-28,VIP,대형 세단,G80 (RG3),휘발유,2024-11-09,4분기,49,37590000,신용카드,5,온라인,131
박정훈,1985-07-18,40,40대,여,016-296-2255,ujin05@ju.com,광주광역시 서구 치평동 14-7,광주광역시,gangyeongsig,2022-04-28,VIP,중형 SUV,NEXO (FE),수소,2024-07-02,3분기,39,88110000,계좌이체,5,온라인,261
최영일,1977-05-21,48,40대,여,064-720-8444,jihye76@daum.net,충청남도 천안시 동남구 성성동 22-3,충청남도 천안시,bagjeonghun,2024-10-03,VIP,준중형 세단,Avante (CN7 N),휘발유,2024-01-22,1분기,47,35270000,현금,3,오프라인,423
곽도윤,1955-03-14,70,70대,여,062-521-4695,bagseojun@dreamwiz.com,경상북도 포항시 남구 대도동 19-2,경상북도 포항시,ygo,2023-07-29,VIP,대형 세단,G80 (RG3),휘발유,2023-04-18,2분기,68,58550000,계좌이체,2,온라인,702
양은주,1999-02-28,26,20대,남,053-833-2005,cyun@hanmail.net,서울특별시 강남구 역삼동 123-45,서울특별시,rjang,2022-03-18,일반,대형 세단,G80 (RG3),휘발유,2023-07-19,3분기,24,30240000,계좌이체,1,온라인,610
김영식,1982-07-15,43,40대,남,042-839-6549,dgim@bagbaggim.kr,광주광역시 서구 치평동 14-7,광주광역시,ihyeonji,2023-10-08,VIP,중형 SUV,Santa-Fe ™,디젤,2024-01-07,1분기,42,63000000,현금,2,온라인,438
장지현,1969-12-24,56,50대,여,044-634-4611,donghyeon73@nate.com,경기도 성남시 분당구 정자동 56-78,경기도 성남시,byeongceoljang,2023-07-14,VIP,중형 SUV,Santa-Fe ™,디젤,2024-10-25,4분기,55,39900000,현금,3,온라인,146
김영숙,1962-01-28,63,60대,여,041-558-6978,eungyeonghan@yuhanhoesa.com,서울특별시 종로구 청운동 67-89,서울특별시,jgim,2023-06-05,VIP,중형 세단,G70 (IK),휘발유,2023-12-14,4분기,61,74130000,현금,2,오프라인,462
홍영철,1964-12-10,61,60대,여,017-267-0446,bagjihu@gimcoe.com,서울특별시 강남구 역삼동 123-45,서울특별시,gimseohyeon,2024-02-18,VIP,대형 세단,G80 (RG3),휘발유,2024-06-03,2분기,60,49970000,현금,5,온라인,290
박상철,1997-01-18,28,20대,여,055-438-8408,kji@naver.com,충청북도 청주시 상당구 낙실동 9-1,충청북도 청주시,iyeongho,2024-05-26,VIP,중형 세단,G70 (IK),휘발유,2024-01-19,1분기,27,36350000,신용카드,3,온라인,426
이영희,1999-12-03,26,20대,여,017-626-0398,obag@daum.net,인천광역시 남동구 구월동 88-10,인천광역시,minjaesin,2022-07-10,VIP,중형 SUV,Santa-Fe ™,디젤,2023-12-27,4분기,24,75750000,현금,3,오프라인,449
박영일,1990-06-02,35,30대,여,018-747-7038,ogim@jusighoesa.com,경상북도 포항시 남구 대도동 19-2,경상북도 포항시,sunja59,2023-05-08,VIP,중형 세단,G70 (IK),휘발유,2024-04-12,2분기,34,71030000,계좌이체,2,오프라인,342
최유진,1975-01-29,50,50대,남,010-8612-4722,jeongnami@dreamwiz.com,광주광역시 서구 치평동 14-7,광주광역시,nson,2024-08-29,VIP,대형 세단,G80 (RG3),휘발유,2023-06-04,2분기,48,36960000,신용카드,4,온라인,655
김지민,1961-02-06,64,60대,여,011-053-0263,cson@ju.net,충청북도 청주시 상당구 낙실동 9-1,충청북도 청주시,songseongjin,2025-01-11,VIP,중형 세단,G70 (IK),휘발유,2023-03-13,1분기,62,56890000,계좌이체,5,오프라인,738
한옥순,1958-06-16,67,60대,남,070-2258-4070,fbag@gmail.com,경상북도 포항시 남구 대도동 19-2,경상북도 포항시,seoyun92,2022-03-31,VIP,중형 SUV,Santa-Fe ™,디젤,2023-10-27,4분기,65,71090000,계좌이체,4,온라인,510
최옥순,1978-10-17,47,40대,여,070-4742-4824,jeongungu@ju.com,대전광역시 유성구 봉명동 44-2,대전광역시,baeggyeongja,2023-08-13,VIP,중형 SUV,Santa-Fe ™,디젤,2024-05-17,2분기,46,60370000,신용카드,2,온라인,307
이예진,1973-06-05,52,50대,남,031-240-3953,seojun19@daum.net,서울특별시 종로구 청운동 67-89,서울특별시,mjo,2022-07-13,VIP,중형 SUV,NEXO (FE),수소,2023-12-31,4분기,50,35430000,계좌이체,4,온라인,445
노예은,1981-06-21,44,40대,남,019-021-0653,jieunbag@gmail.com,광주광역시 서구 치평동 14-7,광주광역시,kgim,2023-06-20,일반,대형 세단,G80 (RG3),휘발유,2024-01-31,1분기,43,40290000,계좌이체,1,오프라인,414
최영길,1984-05-27,41,40대,남,053-283-1629,jaeho60@ju.com,대구광역시 수성구 범어동 55-3,대구광역시,yeongsigi,2022-05-11,VIP,중형 SUV,Santa-Fe ™,디젤,2024-06-05,2분기,40,77340000,현금,4,온라인,288
신시우,1958-07-11,67,60대,여,042-207-6955,gyeonghyi78@gmail.com,전라북도 전주시 완산구 덕진동 33-7,전라북도 전주시,jihungim,2023-03-06,VIP,대형 세단,G80 (RG3),휘발유,2024-12-20,4분기,66,86770000,신용카드,2,온라인,90
최춘자,1976-06-27,49,40대,여,031-170-7739,hancunja@yu.kr,충청남도 천안시 동남구 성성동 22-3,충청남도 천안시,jinho50,2024-08-26,VIP,준중형 세단,Avante (CN7 N),휘발유,2023-08-24,3분기,47,69510000,현금,3,오프라인,574
차서준,1968-01-22,57,50대,여,064-741-3740,qgim@simryujo.com,경상남도 창원시 의창구 봉곡동 48-6,경상남도 창원시,jihun41,2023-01-02,VIP,중형 SUV,NEXO (FE),수소,2024-01-12,1분기,56,39890000,계좌이체,2,온라인,433
안정희,1984-01-10,41,40대,남,051-406-1803,donghyeonbae@joyunson.com,대구광역시 수성구 범어동 55-3,대구광역시,yeongil47,2023-04-08,VIP,대형 세단,G80 (RG3),휘발유,2024-01-30,1분기,40,44530000,현금,2,온라인,415
최민수,1960-06-24,65,60대,여,041-028-3477,ihyejin@jusighoesa.kr,전라남도 목포시 부주동 77-8,전라남도 목포시,gyeongsugson,2022-11-08,VIP,대형 세단,G80 (RG3),휘발유,2024-06-28,2분기,64,43950000,현금,5,오프라인,265
